epoch,accuracy,loss,val_accuracy,val_loss
0,0.1086512953042984,2.304058313369751,0.1162109375,2.295687437057495
0,0.3897378146648407,1.9542157649993896,0.46484375,2.045700788497925
1,0.4753096401691437,1.694932222366333,0.46875,1.5676759481430054
2,0.5008846521377563,1.6174578666687012,0.421875,1.7926124334335327
