epoch,accuracy,loss,val_accuracy,val_loss
0,0.34309324622154236,2.0575551986694336,0.3896484375,1.8734644651412964
1,0.40746787190437317,1.9316872358322144,0.435546875,1.8878893852233887
2,0.4253723621368408,1.893860936164856,0.4326171875,1.8848342895507812
3,0.4372066855430603,1.8674236536026,0.37890625,2.088289260864258
4,0.4521526098251343,1.8256460428237915,0.4404296875,1.9916353225708008
5,0.46056926250457764,1.8594352006912231,0.369140625,2.31111216545105
6,0.45225465297698975,1.8828181028366089,0.4326171875,1.897573471069336
